PatientID,Age,Gender,DiseaseHistory,DiseaseRisk,symptom_0,symptom_1,symptom_2,symptom_3,symptom_4,symptom_5,symptom_6,symptom_7,symptom_8,symptom_9
patient_0,37,M,Hypertension,High,1,1,1,0,1,1,0,1,0,0
patient_1,48,F,Hypertension,Moderate,0,0,0,1,0,0,1,0,1,0
patient_2,68,M,Diabetes,High,0,0,1,0,1,0,0,0,1,1
patient_3,42,M,Heart Disease,High,1,0,1,1,0,1,1,0,0,0
patient_4,28,F,Diabetes,Low,1,1,1,1,0,0,1,1,0,0
patient_5,76,M,Heart Disease,High,0,0,0,1,0,0,0,0,0,0
patient_6,59,F,Hypertension,High,0,0,0,1,0,0,1,1,1,0
patient_7,32,M,Hypertension,Moderate,1,1,0,1,1,0,1,0,1,0
patient_8,39,M,Hypertension,Low,1,1,0,0,1,0,0,0,0,0
patient_9,41,F,Diabetes,High,1,1,1,0,0,1,1,1,0,1
patient_10,60,M,None,High,1,1,0,1,0,1,1,0,0,1
patient_11,37,M,Hypertension,Low,0,0,0,0,1,0,0,0,0,1
patient_12,31,M,Diabetes,Moderate,1,0,0,1,1,0,0,0,0,0
patient_13,52,M,Hypertension,Moderate,1,0,0,0,1,1,1,0,1,1
patient_14,51,F,Diabetes,High,1,1,1,1,0,1,0,1,0,1
patient_15,52,M,Heart Disease,High,1,0,1,0,1,0,1,1,1,0
patient_16,69,M,Diabetes,Low,0,1,1,0,1,0,0,1,1,0
patient_17,57,M,Hypertension,High,1,1,0,1,1,0,0,1,1,1
patient_18,21,F,Hypertension,Low,1,1,1,1,0,0,1,1,0,0
patient_19,78,M,Heart Disease,High,1,1,0,1,0,1,1,1,1,0
patient_20,34,F,None,Low,0,1,1,0,0,0,1,0,0,1
patient_21,72,F,Diabetes,Moderate,0,0,1,0,1,1,0,0,1,1
patient_22,55,F,None,Moderate,0,0,1,1,1,0,1,0,1,0
patient_23,59,F,None,High,1,0,1,0,1,1,0,1,1,0
patient_24,22,F,None,Low,0,0,1,1,0,1,0,0,0,1
patient_25,41,F,Diabetes,Moderate,1,1,0,1,0,0,0,1,1,0
patient_26,68,F,Hypertension,Low,0,1,1,0,0,1,0,1,0,1
patient_27,30,F,Hypertension,Moderate,0,1,0,0,0,1,1,1,1,0
patient_28,59,F,None,Low,0,1,0,0,0,1,1,1,0,0
patient_29,53,F,None,Low,0,1,0,1,1,1,1,1,0,1
patient_30,70,M,Hypertension,Low,0,0,0,1,1,1,1,0,0,1
patient_31,46,F,Hypertension,High,1,1,0,0,0,1,1,1,0,0
patient_32,63,F,None,High,1,0,1,0,0,0,1,0,0,0
patient_33,72,F,Hypertension,Moderate,0,1,0,1,1,1,1,0,1,0
patient_34,67,F,None,Low,0,0,0,1,1,1,1,0,0,1
patient_35,52,M,None,Moderate,0,0,0,0,1,1,1,0,1,0
patient_36,67,F,Heart Disease,High,0,1,1,0,0,0,0,0,0,0
patient_37,24,F,Diabetes,High,1,0,1,0,0,1,1,0,0,1
patient_38,40,M,Heart Disease,Moderate,0,0,0,0,1,0,0,1,0,0
patient_39,37,F,Heart Disease,Low,0,1,1,1,0,1,1,1,1,0
patient_40,69,F,Hypertension,Low,1,0,0,0,0,0,0,1,1,1
patient_41,33,M,Hypertension,Moderate,1,1,0,0,0,0,1,0,0,0
patient_42,63,M,None,High,0,1,0,1,0,0,0,1,1,0
patient_43,79,F,Diabetes,Moderate,1,0,1,1,1,1,0,0,0,1
patient_44,75,F,None,Low,1,1,1,1,1,0,0,1,0,1
patient_45,57,F,None,Moderate,0,0,0,0,0,1,1,1,1,1
patient_46,37,M,Hypertension,High,0,0,1,0,1,0,0,0,1,0
patient_47,52,F,Hypertension,High,1,0,0,0,1,0,0,1,1,0
patient_48,48,M,None,Low,0,0,1,0,0,0,0,0,0,1
patient_49,74,M,Heart Disease,Low,0,0,0,1,0,0,1,1,0,1
patient_50,54,M,Diabetes,High,0,1,0,1,1,1,0,0,1,0
patient_51,78,M,Hypertension,Moderate,0,0,1,0,0,0,0,0,0,0
patient_52,47,F,Hypertension,Moderate,1,0,0,0,1,1,0,1,0,1
patient_53,52,M,None,Low,0,1,1,0,0,0,0,1,0,1
patient_54,38,M,Hypertension,Moderate,1,1,0,0,0,1,0,1,1,0
patient_55,66,F,Hypertension,Moderate,0,1,0,0,1,1,1,1,1,1
patient_56,23,F,Diabetes,Low,1,1,0,0,1,1,1,0,0,0
patient_57,41,F,Heart Disease,Low,1,0,0,0,0,1,1,0,0,1
patient_58,35,F,None,Low,0,1,1,0,0,1,0,0,0,1
patient_59,24,F,Hypertension,Low,1,0,1,1,0,1,0,1,0,0
patient_60,62,M,Heart Disease,Moderate,0,1,0,1,0,1,1,1,1,0
patient_61,38,F,Hypertension,High,1,0,0,1,0,1,1,1,0,0
patient_62,63,F,Hypertension,High,1,0,0,0,0,0,1,1,1,0
patient_63,52,M,Diabetes,Moderate,1,1,1,1,0,1,1,1,0,0
patient_64,69,F,None,High,0,1,1,1,1,0,1,0,0,0
patient_65,48,F,Heart Disease,Low,1,1,0,0,0,0,1,0,1,0
patient_66,33,F,Diabetes,Low,1,1,1,0,0,1,1,1,0,1
patient_67,41,F,Heart Disease,High,0,0,0,1,1,0,0,0,1,0
patient_68,34,M,Diabetes,Low,1,0,0,1,0,1,1,0,1,1
patient_69,65,M,Heart Disease,Low,0,0,0,1,1,1,0,1,0,0
patient_70,28,M,Diabetes,Low,0,0,0,1,1,0,1,0,0,1
patient_71,69,F,None,Low,1,1,1,1,0,0,0,1,0,1
patient_72,27,M,Heart Disease,Moderate,0,1,1,1,1,0,0,1,1,0
patient_73,32,M,Heart Disease,High,1,1,0,0,0,0,0,1,1,1
patient_74,39,M,Hypertension,High,0,0,0,1,1,0,1,0,1,1
patient_75,56,M,None,High,1,1,0,0,1,1,1,1,0,0
patient_76,37,M,Heart Disease,Moderate,1,1,0,1,1,1,1,0,0,0
patient_77,59,F,None,Moderate,0,0,1,0,1,1,1,1,1,0
patient_78,77,F,None,High,1,0,0,1,0,0,1,0,1,0
patient_79,60,F,None,High,1,0,1,0,0,0,1,0,1,0
patient_80,38,F,Heart Disease,High,0,0,0,1,1,0,0,1,1,0
patient_81,57,F,Heart Disease,Low,1,1,0,1,0,1,1,1,1,1
patient_82,42,F,Diabetes,Moderate,0,0,0,1,1,1,1,1,0,1
patient_83,36,M,Heart Disease,Low,1,1,0,0,1,1,0,1,1,1
patient_84,64,M,Diabetes,Moderate,0,1,1,0,1,1,1,1,1,1
patient_85,31,M,Hypertension,Moderate,1,1,0,1,1,0,0,0,0,0
patient_86,25,F,None,Moderate,0,1,0,0,1,1,0,0,0,0
patient_87,50,F,Hypertension,High,0,1,0,1,1,1,0,0,1,0
patient_88,58,F,Heart Disease,Moderate,0,0,1,0,0,1,0,1,0,1
patient_89,34,M,Hypertension,High,0,0,1,1,0,1,1,1,0,1
patient_90,79,M,Hypertension,Moderate,1,1,1,0,1,0,1,0,0,0
patient_91,62,F,Hypertension,Low,1,0,0,1,1,1,1,0,1,1
patient_92,33,M,Diabetes,Low,0,0,1,0,0,0,0,1,1,0
patient_93,52,F,Hypertension,High,0,1,0,1,1,1,0,0,0,1
patient_94,79,F,None,High,1,1,1,1,0,1,0,1,0,0
patient_95,35,M,Diabetes,Low,1,1,1,0,1,1,1,0,1,0
patient_96,47,F,Heart Disease,High,0,1,0,1,1,1,1,0,0,1
patient_97,26,F,Hypertension,High,1,1,0,0,0,1,1,0,1,1
patient_98,61,M,Hypertension,Moderate,0,0,0,0,1,0,0,1,0,0
patient_99,75,M,Hypertension,Low,0,0,0,1,0,0,1,0,0,0
